<?xml version="1.0" encoding="UTF-8"?>
<robot generated="20180906 23:48:39.676" generator="Robot 2.8.7 (Python 2.7.15 on win32)">
<suite source="C:\Users\skandini.avadhani\Documents\Automation\Selenium_POC\WorkingTestSpace\test.txt" id="s1" name="Test">
<test id="s1-t1" name="Scenario Egg_timer:">
<kw type="kw" name="Eggtests.Setup">
<doc></doc>
<arguments>
</arguments>
<status status="PASS" endtime="20180906 23:48:47.570" starttime="20180906 23:48:40.459"></status>
</kw>
<kw type="kw" name="Eggtests.Test">
<doc></doc>
<arguments>
<arg>25</arg>
</arguments>
<status status="PASS" endtime="20180906 23:49:15.383" starttime="20180906 23:48:47.571"></status>
</kw>
<doc></doc>
<tags>
<tag>Page Object Pattern POC</tag>
</tags>
<status status="PASS" endtime="20180906 23:49:15.383" critical="yes" starttime="20180906 23:48:40.456"></status>
</test>
<doc></doc>
<metadata>
</metadata>
<status status="PASS" endtime="20180906 23:49:15.385" starttime="20180906 23:48:39.677"></status>
</suite>
<statistics>
<total>
<stat fail="0" pass="1">Critical Tests</stat>
<stat fail="0" pass="1">All Tests</stat>
</total>
<tag>
<stat info="" links="" doc="" combined="" pass="1" fail="0">Page Object Pattern POC</stat>
</tag>
<suite>
<stat fail="0" pass="1" id="s1" name="Test">Test</stat>
</suite>
</statistics>
<errors>
</errors>
</robot>
